
{
    "presets":[
        ["@babel/preset-env", {
            "modules": false,
            "targets": {
              "browsers": ["> 1%", "last 2 versions","IE 11, last 2 versions"]
            },
            "useBuiltIns": "usage"
        }],
        "@babel/preset-react"
    ],
    "plugins":[
        "@vue/babel-plugin-transform-vue-jsx",
        ["@babel/plugin-proposal-decorators", { "legacy": true }],
        ["@babel/plugin-proposal-class-properties",{"loose":true}],
        "@babel/plugin-transform-runtime",
        "@babel/plugin-proposal-function-bind",
        "@babel/plugin-syntax-dynamic-import"
    ]
}